region;country;clab;rname;eu;dens;fert;nmigr;natg;life;lifef;lifem;gdp_pc;inc_pc;empl;emplf;emplm;unempl;unemplf;unemplm;hedu;heduf;hedum;ledu;leduf;ledum
AT11:Burgenland (AT);Austria;AT;Burgenland (AT);y;78,4;1,33;6,5;-3,5;81,4;83,5;79,3;24,4;20,4;73,1;68,4;77,7;5,2;5,9;4,7;28,5;26,7;30,3;6;7,2;4,8
AT12:Niederösterreich;Austria;AT;Niederösterreich;y;86,2;1,51;7;-1,2;81,3;83,7;78,8;28,9;21,5;76,3;72,2;80,5;5,2;4,9;5,5;30,3;28,1;32,6;6,9;5,6;8,1
AT13:Wien;Austria;AT;Wien;y;4506,8;1,42;14,6;1,8;80,5;82,9;77,9;43,5;20,4;67,7;65;70,5;10,6;8,8;12,2;39,3;39,3;39,3;10,2;9,5;11
AT21:Kärnten;Austria;AT;Kärnten;y;59,4;1,43;4,2;-1,9;81,8;84,4;79,1;29,7;19,9;72,1;68;76,2;6,1;5,8;6,2;28,3;28,2;28,5;5;4,3;5,6
AT22:Steiermark;Austria;AT;Steiermark;y;74,9;1,36;5,8;-1,2;82;84,4;79,5;32;20,2;74;69,5;78,4;4,7;4,8;4,7;26,7;24,4;28,9;5;6;4,1
AT31:Oberösterreich;Austria;AT;Oberösterreich;y;122,1;1,61;5,3;1,3;82;84,5;79,4;36,1;20,7;77,7;73,4;81,9;4,1;4;4,2;27,5;25,5;29,5;7,4;6,1;8,7
AT32:Salzburg;Austria;AT;Salzburg;y;76;1,55;5,2;2,1;82,6;85;80,1;41,6;21,1;77,3;72,9;81,8;3,5;3,4;3,6;30,2;29,3;31,1;6,6;5,3;8
AT33:Tirol;Austria;AT;Tirol;y;57,9;1,45;7,5;2;82,8;84,7;80,7;38;20,4;77,9;73,1;82,7;3;3;3;26,4;24,6;28,1;6,2;5,9;6,5
AT34:Vorarlberg;Austria;AT;Vorarlberg;y;148,7;1,62;4,2;3,4;83,1;85,7;80,3;38,2;21,5;78,3;72,3;84,3;3,5;3,7;3,3;26,5;24,2;28,8;9;9,9;8,1
BE10:Rég. Bruxelles / Brussels Gewest;Belgium;BE;Rég. Bruxelles / Brussels Gewest;y;7393,4;1,88;2,9;8;81,1;83,7;78,2;57;15,5;58,7;53,2;64,3;17,3;15,8;18,5;43,4;44,7;42;15,8;14,8;16,9
BE21:Prov. Antwerpen;Belgium;BE;Prov. Antwerpen;y;648,7;1,8;2,4;2,5;82,2;84,3;80,1;37,9;17,6;70,4;66,2;74,6;6,1;5,7;6,5;37,6;40,4;34,8;7,3;6,3;8,3
BE22:Prov. Limburg (BE);Belgium;BE;Prov. Limburg (BE);y;360,2;1,62;2,1;1,9;82,7;85;80,5;27;16,8;68,7;64,5;72,9;6;4,6;7,1;32,1;36,6;27,6;8,6;5,7;11,3
BE23:Prov. Oost-Vlaanderen;Belgium;BE;Prov. Oost-Vlaanderen;y;500,8;1,67;3,9;1,2;82,1;84,8;79,3;29,7;18,4;73,1;69,9;76,2;4,4;4;4,8;37,5;41,4;33,6;7,9;5,8;10,1
BE24:Prov. Vlaams-Brabant;Belgium;BE;Prov. Vlaams-Brabant;y;529,3;1,71;4,4;1,5;82,6;85;80,1;35,3;20,2;73,6;70;77,4;5,1;4,9;5,3;44,7;47,2;42,1;4,7;4,1;5,2
BE25:Prov. West-Vlaanderen;Belgium;BE;Prov. West-Vlaanderen;y;377,7;1,67;3,1;-0,9;82,3;85;79,6;31,7;17,9;73,6;70,3;76,8;4,2;3,4;4,9;32,8;36,2;29,6;7,5;6,6;8,4
BE31:Prov. Brabant Wallon;Belgium;BE;Prov. Brabant Wallon;y;360,3;1,71;5,7;1,1;81,7;84,2;79,1;35,8;18,9;69,2;65;73,5;7,8;7,8;7,9;54,1;58,9;49;4,1;3,8;4,4
BE32:Prov. Hainaut;Belgium;BE;Prov. Hainaut;y;354;1,76;2,3;-0,1;78,9;81,9;75,9;21;14,8;58;54,2;62;13,3;12,1;14,4;27,2;31,2;23,2;15,9;14;17,6
BE33:Prov. Liège;Belgium;BE;Prov. Liège;y;286,1;1,73;1,4;0,8;79,9;82,4;77,3;23,8;15,3;60,8;56,3;65,3;12,8;12,5;13,1;33,9;36;31,8;15,5;12,7;18,3
BE34:Prov. Luxembourg (BE);Belgium;BE;Prov. Luxembourg (BE);y;63;1,82;4,3;2,4;80,5;83,7;77,2;21;15,6;67,3;61,6;72,7;9,3;10,3;8,5;36,9;41,2;32,6;8,7;6,9;10,4
BE35:Prov. Namur;Belgium;BE;Prov. Namur;y;133,6;1,7;4,7;0,5;79,4;82,1;76,7;22,8;15,8;63,3;58,8;67,8;10,9;10,5;11,2;35,3;39,9;30,7;10,3;8,3;12,2
BG31:Severozapaden;Bulgaria;BG;Severozapaden;y;43,1;1,73;-5;-11,5;73;76,7;69,6;8,2;5,8;60,1;58,8;61,3;12,1;10,5;13,5;21,5;27,7;15,8;23,1;23,4;22,8
BG32:Severen tsentralen;Bulgaria;BG;Severen tsentralen;y;56,5;1,44;-3,7;-8,7;74;77,4;70,7;9,3;6,3;64,8;61,1;68,4;10,6;9,8;11,2;23,5;28,7;18,5;15,2;16,4;14,2
BG33:Severoiztochen;Bulgaria;BG;Severoiztochen;y;66,5;1,51;-0,1;-4,8;74,4;78;70,9;10,8;7;67,2;61,1;73,2;10,3;10,9;9,7;25,4;32,4;18,6;16;16,2;15,9
BG34:Yugoiztochen;Bulgaria;BG;Yugoiztochen;y;54,8;1,83;-0,1;-4,8;74;77,5;70,6;10,8;6,5;64,8;59,6;69,9;10,4;10,2;10,6;21,9;26,1;17,7;19,3;19,1;19,5
BG41:Yugozapaden;Bulgaria;BG;Yugozapaden;y;105,8;1,36;2,5;-3,6;75,3;78,7;71,9;20,6;8,1;72,2;70,9;73,6;6,7;5,4;7,9;38,6;46,1;31,1;5,7;6,1;5,3
BG42:Yuzhen tsentralen;Bulgaria;BG;Yuzhen tsentralen;y;66,3;1,59;-0,2;-5,2;75,1;78,7;71,6;8,7;6,6;65,8;61,6;70;9,2;8,9;9,6;21,5;26,8;16,2;15,3;13,9;16,6
CH01:Région lémanique;Switzerland;CH;Région lémanique;n;188,1;1,55;12,1;3,8;83,9;86,2;81,5;NA;NA;78,5;73,6;83,5;7;7;7,1;41,2;38,8;43,7;6,8;7,3;6,3
CH02:Espace Mittelland;Switzerland;CH;Espace Mittelland;n;185,8;1,54;8,5;1,2;82,9;85;80,7;NA;NA;84;80,5;87,5;4,1;4;4,3;39,4;33,9;44,8;4,3;3,5;5
CH03:Nordwestschweiz;Switzerland;CH;Nordwestschweiz;n;569,7;1,52;9,5;2;83,3;85,2;81,2;NA;NA;82,9;78,6;87,1;4;4;4;42,1;37,6;46,6;3,7;3,6;3,8
CH04:Zürich;Switzerland;CH;Zürich;n;864,6;1,55;10,1;4,4;83,4;85,2;81,5;NA;NA;84,6;79,9;89,2;3,9;4;3,8;50,4;46;54,7;6,4;5,4;7,4
CH05:Ostschweiz;Switzerland;CH;Ostschweiz;n;100,7;1,55;6,7;1,9;82,8;85;80,5;NA;NA;84,4;79,3;89,3;3,8;4,2;3,5;36;28,6;43,1;4,4;4,4;4,3
CH06:Zentralschweiz;Switzerland;CH;Zentralschweiz;n;182,4;1,56;7,4;3,2;83,5;85,6;81,3;NA;NA;85,9;81,1;90,4;3,3;3,4;3,1;39,6;32,8;46,1;5,2;6,1;4,3
CH07:Ticino;Switzerland;CH;Ticino;n;127,1;1,41;11;0;84,6;87,1;81,9;NA;NA;74,7;67,3;82;6,4;7,1;5,8;38,9;34,7;43,2;4,3;3,4;5,1
CY00:Kypros;Cyprus;CY;Kypros;y;92,5;1,31;-17,6;4,7;82,8;NA;NA;22,4;15,2;67,9;64;72,3;14,9;14,8;15;40,5;43,4;37,3;5,2;3,1;7,7
CZ01:Praha;Czech Republic;CZ;Praha;y;2579,7;1,45;10,7;2;80,3;82,6;77,7;47,5;14,6;78,1;69,5;86,7;2,8;3,3;2,4;40,5;40,6;40,4;3,6;4,3;2,9
CZ02:Strední Cechy;Czech Republic;CZ;Strední Cechy;y;121,1;1,61;8,2;1,7;79;81,9;76,1;21,2;12;77,4;68,2;86,4;3,5;4,2;2,9;21,6;22,3;20,9;4,3;6,1;2,4
CZ03:Jihozápad;Czech Republic;CZ;Jihozápad;y;71;1,5;1,9;-0,1;79,1;82;76,1;20,8;10,9;76,5;67,5;85,3;3,9;5;3;18,7;20,6;16,9;5,7;5;6,4
CZ04:Severozápad;Czech Republic;CZ;Severozápad;y;132,7;1,52;-1,1;-0,8;77;80;74,1;17,2;9,8;71,1;62,3;79,4;7,3;8,8;6,2;13,4;14;12,9;14,5;13;16
CZ05:Severovýchod;Czech Republic;CZ;Severovýchod;y;123;1,55;0;0,2;79,3;82,3;76,2;19,2;10,6;75,2;66,7;83,4;5,2;6,3;4,3;18,2;20,3;16,2;5,9;5,4;6,4
CZ06:Jihovýchod;Czech Republic;CZ;Jihovýchod;y;122,6;1,57;0,4;1,1;79,7;82,9;76,4;21,7;11;75;67,4;82,4;4,9;5,9;4,1;24,3;26,2;22,5;2,7;2,1;3,2
CZ07:Strední Morava;Czech Republic;CZ;Strední Morava;y;134;1,47;-0,9;-0,5;78,9;82,3;75,4;19,3;10,2;73,9;65,3;82,2;5,3;6,7;4,3;20,1;20,3;19,8;6;4;7,9
CZ08:Moravskoslezsko;Czech Republic;CZ;Moravskoslezsko;y;229,6;1,49;-2,5;-0,9;77,6;81;74,2;19,4;10;70,7;63,2;77,9;8,1;9,3;7,2;18,8;20,7;17;8,7;9,8;7,6
DE11:Stuttgart;Germany;DE;Stuttgart;y;378;1,47;8,9;0;82,5;84,7;80,2;44,4;22,9;81,7;76,7;86,5;3,3;3,3;3,4;32,4;26,7;38;8,6;8,5;8,6
DE12:Karlsruhe;Germany;DE;Karlsruhe;y;392;1,42;7,8;-1;81,9;84;79,6;38,6;21,5;79,4;74,7;84,1;3,3;3,2;3,4;31,2;26,2;36,2;8;8,5;7,6
DE13:Freiburg;Germany;DE;Freiburg;y;233,3;1,47;8,8;-0,9;82,2;84,2;80;33,6;21,5;82,3;77,9;86,7;2,5;2,2;2,8;27,7;22,7;32,6;9,8;10,1;9,6
DE14:Tübingen;Germany;DE;Tübingen;y;200,5;1,5;8,2;-0,2;82,4;84,8;79,9;37,3;21,9;82,2;77,4;86,9;3;2,8;3,2;30,6;25;36,3;7,3;7,7;6,8
DE21:Oberbayern;Germany;DE;Oberbayern;y;256,4;1,47;10;1,3;82,6;84,6;80,4;49,1;24,2;82,3;77,5;87,2;2,7;2,4;2,9;37,1;32,5;41,8;6;5,9;6,1
DE22:Niederbayern;Germany;DE;Niederbayern;y;115,5;1,44;9,3;-2,3;80,7;83,2;78,3;33,4;20,2;80,9;75,3;86,4;2,5;2,6;2,5;21,1;15,8;26,3;8,3;6,3;10,1
DE23:Oberpfalz;Germany;DE;Oberpfalz;y;111,5;1,41;6,5;-2;80,9;83,4;78,5;35,2;20,1;80,8;75,9;85,6;2,7;2,7;2,8;25;18,7;31,1;4,6;2,6;6,4
DE24:Oberfranken;Germany;DE;Oberfranken;y;146,1;1,38;3,6;-4;81;83,4;78,5;31,3;21,1;79,7;75,5;84;3,8;3,7;3,9;23,5;17,9;29,1;6,7;6,3;7,1
DE25:Mittelfranken;Germany;DE;Mittelfranken;y;236,2;1,44;6;-1,4;81,2;83,7;78,7;37,2;21,9;80,5;75,8;85,3;3;3,1;3;28,4;24;33;7;6,2;7,7
DE26:Unterfranken;Germany;DE;Unterfranken;y;152,2;1,42;2,8;-2,2;81,9;84,3;79,5;34,8;21,1;80,1;75,3;84,9;3;3,1;3;26,9;20,7;32,9;5,1;3,5;6,4
DE27:Schwaben;Germany;DE;Schwaben;y;181,5;1,5;9,3;-0,9;82;84,3;79,6;34,3;21,7;81,5;76,1;86,7;3;3,2;2,7;25,6;20,1;31;6,4;7,9;5,1
DE30:Berlin;Germany;DE;Berlin;y;3863;1,46;12,5;1,5;80,9;83,5;78,3;32,8;18;72,5;69,8;75,1;9,4;8,1;10,6;36,6;38;35,2;13,9;11;17,1
DE40:Brandenburg;Germany;DE;Brandenburg;y;82,7;1,55;7,5;-3,9;80,7;83,5;77,9;24,3;17,7;78,8;76,3;81,2;5,7;5,5;5,9;27,7;28,7;26,6;11,9;11,3;12,4
DE50:Bremen;Germany;DE;Bremen;y;1574,3;1,46;8,7;-1,9;80,1;82,7;77,4;44,1;19,7;72;69;75;5,6;4,9;6,2;26,2;25,7;26,8;12,4;11,5;13,1
DE60:Hamburg;Germany;DE;Hamburg;y;2323,9;1,41;8,1;1,3;81,2;83,5;78,7;56,6;22,5;78,8;75,4;82,3;4,3;3,9;4,7;34,9;35;34,8;13,2;11,4;14,9
DE71:Darmstadt;Germany;DE;Darmstadt;y;516,2;1,48;10,7;0,1;81,9;83,9;79,7;44,7;21,6;78,2;73,1;83,4;4,1;4;4,3;32,3;28,6;36,2;10,2;9,7;10,7
DE72:Gießen;Germany;DE;Gießen;y;190,7;1,36;8,2;-2,5;81,3;83,5;79;29,9;19,8;76,3;71,4;81;3,8;3,4;4,2;27,2;22,7;31,6;8,9;8,1;9,7
DE73:Kassel;Germany;DE;Kassel;y;144,8;1,48;4,6;-3,5;81,2;83,6;78,6;32,4;19,6;78,1;74;82,2;3,6;2,7;4,4;23,1;18;28,2;9,9;11,5;8,7
DE80:Mecklenburg-Vorpommern;Germany;DE;Mecklenburg-Vorpommern;y;68,8;1,49;5,5;-3,8;80,4;83,7;77,2;23,2;16,7;75;72,9;77,1;7,8;7,5;8;25,5;26,3;24,8;11,1;11;11,2
DE91:Braunschweig;Germany;DE;Braunschweig;y;194,7;1,47;6,8;-3,7;80,7;83,1;78,2;37,5;19,3;75,8;71,2;80,4;4,9;4,1;5,6;26,2;22;30,5;7,7;7,4;8
DE92:Hannover;Germany;DE;Hannover;y;232,5;1,48;7,5;-3,1;80,7;83,3;78;33,3;19,5;77,1;72,9;81,4;4,7;4,2;5,2;26;22,4;29,7;11,5;10,7;12,1
DE93:Lüneburg;Germany;DE;Lüneburg;y;108;1,6;7,5;-3;80,7;83,4;78,1;24,2;20,2;80,9;76,3;85,4;3,5;3,1;3,8;23;19,1;26,8;11,3;11;11,5
DE94:Weser-Ems;Germany;DE;Weser-Ems;y;163,9;1,57;7,4;-1,5;80,8;83,1;78,5;30,4;18,8;78,1;72,8;83,2;3,9;4,1;3,8;20,8;17,1;24,5;12,5;13,3;11,8
DEA1:Düsseldorf;Germany;DE;Düsseldorf;y;963,4;1,48;6,5;-2,7;80,5;82,8;78,1;36,9;20,5;74;68,6;79,4;5,9;5,1;6,6;24,8;21;28,6;12,4;12,7;12,1
DEA2:Köln;Germany;DE;Köln;y;590,4;1,46;7,5;-0,9;81,2;83,3;79;36,4;20,4;75,3;70,4;80,4;4,8;4,2;5,3;28,5;25,4;31,6;10,9;11,5;10,3
DEA3:Münster;Germany;DE;Münster;y;372,6;1,5;4,5;-1,9;80,9;83,3;78,4;29,9;19,4;76,4;71,1;81,6;4,4;3,9;4,8;24,1;20,1;28,2;12;10,7;13,1
DEA4:Detmold;Germany;DE;Detmold;y;310,7;1,56;4,2;-1,6;81,4;83,8;79;33,5;20,9;77,9;72,8;83;4,7;4,2;5,1;22;19;24,9;11;12,1;10
DEA5:Arnsberg;Germany;DE;Arnsberg;y;443,7;1,47;5,2;-3,4;80,2;82,7;77,6;31;20,4;74;68,8;79,3;5,7;4,8;6,4;22;17,8;26,4;12;11,3;12,6
DEB1:Koblenz;Germany;DE;Koblenz;y;182,8;1,49;5,8;-3,9;80,8;83;78,5;29,3;20,8;79;73,3;84,6;3,4;3,5;3,3;22,2;16,7;27,7;13,3;15,7;11
DEB2:Trier;Germany;DE;Trier;y;105,7;1,41;7,7;-2,5;81,2;83,7;78,7;27,2;20,6;79,8;75,7;83,8;2,9;NA;NA;25,2;20,3;29,9;9,2;7,4;11,1
DEB3:Rheinhessen-Pfalz;Germany;DE;Rheinhessen-Pfalz;y;292,9;1,47;7,7;-1,9;81,4;83,7;79;32,6;20,9;77,4;72,4;82,3;4,1;3,5;4,6;27,8;22,7;33;13;12,1;13,7
DEC0:Saarland;Germany;DE;Saarland;y;385,3;1,36;3,6;-5,3;80,2;82,6;77,7;32,6;19,1;74,4;69,8;79;5,6;4,4;6,6;19,7;15,7;23,9;12,5;16,2;9,4
DED2:Dresden;Germany;DE;Dresden;y;200,7;1,62;3,8;-2,6;81,6;84,6;78,6;26;17,5;78,9;77,8;80;6,2;5,4;6,9;31,1;31;31,2;7,1;5,9;8
DED4:Chemnitz;Germany;DE;Chemnitz;y;224,7;1,6;2,4;-6,2;80,9;83,9;77,8;24;17,7;79;75,9;82;5,4;5,1;5,6;25,8;24,9;26,8;10,7;8,5;12,7
DED5:Leipzig;Germany;DE;Leipzig;y;250,4;1,49;14,7;-2;80,8;84;77,7;28,2;17,1;76,6;74,6;78,6;7,7;6,7;8,6;30,7;31,7;29,9;8,9;8,4;9,4
DEE0:Sachsen-Anhalt;Germany;DE;Sachsen-Anhalt;y;109,5;1,5;2,1;-6,1;79,8;83;76,6;23,9;16,9;76,4;74,5;78,3;8;7,6;8,4;23,4;24,7;22,2;12,5;12,1;12,8
DEF0:Schleswig-Holstein;Germany;DE;Schleswig-Holstein;y;178,7;1,48;8,4;-3,1;80,8;83,1;78,5;28,7;20,5;79;74,4;83,8;4,2;3,4;4,8;23,8;20,5;27,2;10,9;9,5;12,2
DEG0:Thüringen;Germany;DE;Thüringen;y;133,5;1,55;2,3;-4,2;80,6;83,6;77,6;24,2;17,2;77,4;75,1;79,6;5,8;5,8;5,8;26,4;28,7;24,3;8,5;7,7;9,3
DK01:Hovedstaden;Denmark;DK;Hovedstaden;y;687,6;1,63;7,3;3,4;80,7;82,7;78,4;43;14,8;78,2;74,9;81,5;6,7;6,9;6,5;48,5;52,8;44,2;6,8;5,1;8,6
DK02:Sjælland;Denmark;DK;Sjælland;y;113,3;1,75;6,8;-2,3;80;82;78;23,4;14,1;76;72,4;79,5;5,9;6,2;5,5;29,8;36,3;23,3;10,1;6,3;13,6
DK03:Syddanmark;Denmark;DK;Syddanmark;y;98,2;1,77;3,1;-0,4;80,8;82,7;78,9;30,7;13,7;75,4;71;79,5;6,1;6,3;5,9;30,7;36,2;25,3;7,6;6,8;8,4
DK04:Midtjylland;Denmark;DK;Midtjylland;y;98,4;1,74;2,3;1,8;81,2;83,3;79,1;30,6;13,8;76,2;71,6;80,6;5,6;6;5,2;34,6;40,7;28,7;7,9;5,9;9,9
DK05:Nordjylland;Denmark;DK;Nordjylland;y;73,8;1,73;3,3;-0,6;80,9;82,9;78,9;29,3;13,9;74,3;71;77,4;6,3;6,5;6,2;29,3;34,9;23,7;7,8;4,8;10,3
EE00:Eesti;Estonia;EE;Eesti;y;30,3;1,54;-0,5;-1,5;77,4;NA;NA;20,9;NA;76,5;72,6;80,5;6,2;6,1;6,2;38,1;47,5;28,4;11,2;9;13,2
EL30:Attiki;Greece;EL;Attiki;y;1007,7;1,26;-9,7;-0,9;81,2;83,8;78,3;27,1;13,2;54,9;47,5;62,6;25,2;27,4;23,3;37;37,1;37;5,7;4,3;7
EL41:Voreio Aigaio;Greece;EL;Voreio Aigaio;y;51,4;1,4;-0,9;-3,5;81,9;84,2;79,6;15,7;11,1;55,5;40,2;69,7;18;25,1;13,5;22,9;24,4;21,6;17,3;13,2;20,8
EL42:Notio Aigaio;Greece;EL;Notio Aigaio;y;63,1;1,39;-1,2;1,4;81,5;83,9;79,2;22;11,9;62,8;51,8;74,1;14,9;16,3;13,8;19,1;20,3;18;10,4;12,8;7,9
EL43:Kriti;Greece;EL;Kriti;y;75,7;1,44;0,1;0,9;82;84,7;79,4;17,3;9,6;56,1;46,7;65,7;24,2;28,9;20,5;24,1;25,3;22,9;10,8;8,3;13,2
EL51:Anatoliki Makedonia, Thraki;Greece;EL;Anatoliki Makedonia, Thraki;y;42,8;1,35;0,7;-3,6;80,6;83;78,2;13,7;9,6;55,4;46,2;64,3;23,4;27,7;20;22,6;22,9;22,3;17,2;12,4;21,8
EL52:Kentriki Makedonia;Greece;EL;Kentriki Makedonia;y;99,1;1,27;-2,7;-2,3;81,2;83,9;78,6;15,3;10,7;53,8;44,7;63,3;26;30,1;22,6;29,1;30,8;27,3;7,8;6,4;9,4
EL53:Dytiki Makedonia;Greece;EL;Dytiki Makedonia;y;29,3;1,33;-4,6;-3,6;82,2;84,6;80,1;18,1;11,5;49,4;37,4;61,3;30,7;39,6;23,9;21,9;23;20,9;7,2;9,4;5,5
EL54:Ipeiros;Greece;EL;Ipeiros;y;37,1;1,26;-2,1;-3,5;83,5;85,9;81,2;14;10,8;53,2;44,2;62,3;24,5;28,9;21,1;25,8;27;24,6;2,4;1,4;3,6
EL61:Thessalia;Greece;EL;Thessalia;y;52,4;1,32;-2;-3,4;81,7;84,4;79,1;15,1;10,5;53,3;43,9;62,9;26,9;32,9;22,1;26,1;28;24,1;7,9;6,5;9,3
EL62:Ionia Nisia;Greece;EL;Ionia Nisia;y;89,9;1,43;0;-2,9;81,7;83,9;79,5;18,4;11,6;61,1;52,6;69,6;19;24,4;14,2;19,5;21,7;17,2;5,5;3,2;8
EL63:Dytiki Ellada;Greece;EL;Dytiki Ellada;y;59,6;1,31;-3,9;-2,7;81,5;84,6;78,5;14,8;9,5;51,4;41,7;60,6;28,5;34,1;24,2;22,9;24,4;21,4;5,4;4,3;6,4
EL64:Sterea Ellada;Greece;EL;Sterea Ellada;y;35,9;1,24;1,3;-3,9;81,9;84,5;79,4;16,9;9,2;55,6;43,4;66,8;25,8;32,4;21,2;19;21,7;16,5;9,7;6,2;12,8
EL65:Peloponnisos;Greece;EL;Peloponnisos;y;37,7;1,33;1,3;-4,3;82;84,4;79,8;15,9;10,4;58,9;49,5;68,4;22,3;27,4;18,1;20,8;21,3;20,2;14,6;13,6;15,6
ES11:Galicia;Spain;ES;Galicia;y;93,4;1,07;-0,8;-3,8;83,4;86,6;80,1;22;13;61,5;57,5;65,5;19,3;20;18,7;35,2;38,1;32,1;17;11,9;21,9
ES12:Principado de Asturias;Spain;ES;Principado de Asturias;y;99,8;0,99;-2,7;-5,9;82,5;85,6;79,2;22;14,6;58,2;56;60,4;19,1;18,6;19,6;39,6;42;37,2;16,8;17,7;16
ES13:Cantabria;Spain;ES;Cantabria;y;111,4;1,15;-1,7;-2,3;83,1;86,3;79,9;22,6;13,8;62,8;57;68,5;17,6;19;16,5;38,1;40,1;36;10,3;7,8;12,6
ES21:País Vasco;Spain;ES;País Vasco;y;299,6;1,38;-0,6;-0,4;83,9;86,9;80,7;32,7;18,8;67;62,9;71,2;14,8;14,7;14,9;47,8;48,8;46,8;9,7;7,4;11,9
ES22:Comunidad Foral de Navarra;Spain;ES;Comunidad Foral de Navarra;y;61,5;1,44;-1,1;1,1;83,9;86,9;80,9;30,9;17,6;68,5;63,5;73,4;13,8;15,2;12,7;42,3;44,2;40,5;10,8;8,5;13,1
ES23:La Rioja;Spain;ES;La Rioja;y;62,4;1,35;-5,1;-0,2;84,2;87,5;81;27,5;14,7;68,5;61,8;75,2;15,4;16,9;14,1;39,3;41,8;36,8;21,5;10,8;32,4
ES24:Aragón;Spain;ES;Aragón;y;28;1,34;-2,1;-1,6;83,2;86,3;80,3;27,6;15,4;67,5;59,8;75;16,3;19,9;13,3;35,6;38,2;33;19,5;18,9;20
ES30:Comunidad de Madrid;Spain;ES;Comunidad de Madrid;y;801;1,35;-2,4;3,5;84,9;87,6;81,9;34,3;17,6;69,7;65,3;74,4;17,1;17,3;16,8;46,9;48,5;45,1;15,6;11,2;20
ES41:Castilla y León;Spain;ES;Castilla y León;y;26,5;1,17;-3,1;-4;84,1;87,2;81,2;23,5;14,1;63,7;56,5;70,5;18,3;21,1;16;34,7;39;30,6;16,7;11,9;21,2
ES42:Castilla-la Mancha;Spain;ES;Castilla-la Mancha;y;26,2;1,3;-6;0;83,7;86,5;81;19,7;11,8;57,7;48,6;66,3;26,3;31,3;22,5;27,5;29,4;25,7;20,8;17,7;23,7
ES43:Extremadura;Spain;ES;Extremadura;y;26,8;1,29;-2,9;-1,5;82,7;85,7;79,8;17,3;10,7;53,4;44,6;61,8;29,1;33,5;25,7;26,5;29,4;23,7;24,5;19,4;29,4
ES51:Cataluña;Spain;ES;Cataluña;y;232;1,39;-4;1,4;83,6;86,5;80,6;29,7;16,1;67,7;63;72,4;18,6;19,4;17,8;37,5;40,6;34,4;18,9;15,8;21,8
ES52:Comunidad Valenciana;Spain;ES;Comunidad Valenciana;y;213,8;1,31;-4;0,6;82,8;85,5;80,2;22;12,4;61,1;55,7;66,5;22,8;23,8;21,9;32,5;34,8;30,2;21,4;15,4;27,3
ES53:Illes Balears;Spain;ES;Illes Balears;y;224,8;1,24;5,6;2,5;83;85,7;80,2;26,2;14;68,9;65,4;72,4;17,3;17,3;17,3;27,2;30,7;23,9;26,7;21,6;31,5
ES61:Andalucía;Spain;ES;Andalucía;y;96,8;1,39;-0,6;1,9;82,1;84,9;79,2;18,5;11;52,6;45,9;59,3;31,5;34,5;29,1;28,3;30,3;26,3;24,9;20,8;28,9
ES62:Región de Murcia;Spain;ES;Región de Murcia;y;129,5;1,56;-2,7;4;82,8;85,3;80,3;20,5;11,4;58,2;49,1;66,8;24,6;28,4;21,7;27,9;28,8;26,9;23,6;16,4;30,5
ES63:Ciudad Autónoma de Ceuta (ES);Spain;ES;Ciudad Autónoma de Ceuta (ES);y;4457;1,99;-8;8,2;80,6;84;77,7;20,9;12,1;50,8;37,4;63,1;27,6;36,5;21,6;28,1;28,1;28;29,8;29,4;30,4
ES64:Ciudad Autónoma de Melilla (ES);Spain;ES;Ciudad Autónoma de Melilla (ES);y;6478,5;2,69;-5,2;13,5;80,7;83,5;77,9;18,7;10,9;48,4;37,1;59,2;34;40,1;29,6;28;25,1;30,7;24,1;13,3;34,4
ES70:Canarias (ES);Spain;ES;Canarias (ES);y;284,9;1,04;4,4;1;82,5;85,2;79,8;21,5;11,8;55,6;50,3;60,8;29,1;30,6;27,9;26,6;28,9;24,3;21,9;17,5;26,4
FI19:Länsi-Suomi;Finland;FI;Länsi-Suomi;y;23,6;1,79;1,8;0,3;81,4;84,3;78,4;27,2;15,5;72,1;70,8;73,3;9,8;9,4;10,2;40,9;48;34,1;9,7;8,4;11
FI1B:Helsinki-Uusimaa;Finland;FI;Helsinki-Uusimaa;y;175,3;1,55;7,2;4;81,8;84,3;79,1;39,6;18;77,1;75,9;78,3;8;7,5;8,6;51,3;57,2;45,3;8,9;7;11,1
FI1C:Etelä-Suomi;Finland;FI;Etelä-Suomi;y;36,9;1,66;1,3;-1,5;81,1;84;78,1;26,7;15,8;71,1;69,9;72,4;10;9,2;10,8;38,9;45,6;32,4;10,4;9,8;11,1
FI1D:Pohjois- ja Itä-Suomi;Finland;FI;Pohjois- ja Itä-Suomi;y;6,4;1,92;-0,3;0;80,7;83,9;77,6;25;15;69,1;68,4;69,8;10,4;10,1;10,7;36,7;44,7;29,1;8;6,8;9,1
FI20:Åland;Finland;FI;Åland;y;18,6;1,78;7,6;1,1;83;84,7;81,3;37,9;18,6;86,7;83,8;89,7;NA;NA;NA;29,9;31,8;28;13,4;12,5;14,1
FR10:Île de France;France;FR;Île de France;y;1002,7;2,04;-4,4;9,3;84,4;87,1;81,4;49;20,9;72,3;69,1;75,7;9,6;8,4;10,7;46,3;47,1;45,3;8,9;7,4;10,5
FR21:Champagne-Ardenne;France;FR;Champagne-Ardenne;y;52,3;1,93;-1,6;1,9;81,9;85,3;78,3;25,7;16,6;64,2;60,4;67,9;13;11,2;14,4;23,7;24,6;22,8;13,3;12;14,6
FR22:Picardie;France;FR;Picardie;y;99,6;2,05;-1,9;3,5;81,1;84,5;77,7;21,6;16,7;67,4;61;74;10,8;11,5;10,2;24,1;26,5;21,7;13,3;12,7;13,8
FR23:Haute-Normandie;France;FR;Haute-Normandie;y;150,5;2;-1,8;3,2;81,5;84,9;77,9;25,6;17,2;68,6;63,9;73,5;10,6;9,6;11,4;27,7;31,8;23,3;7,4;6,5;8,2
FR24:Centre (FR);France;FR;Centre (FR);y;65,9;2,03;0,7;1,7;82,9;86,3;79,4;24,3;17,7;68,5;65,4;71,7;10,7;10,4;10,9;28,9;32,6;25,1;7;4,3;9,3
FR25:Basse-Normandie;France;FR;Basse-Normandie;y;84,1;1,91;0;0,3;82,3;85,8;78,8;23,4;17,1;70,8;68,6;73,1;8,2;8,4;7,9;26,8;30,9;22,7;8,8;11,8;5,9
FR26:Bourgogne;France;FR;Bourgogne;y;52;1,9;0,2;-0,3;82,3;85,9;78,8;24,6;17,6;70,4;68,9;71,9;8,7;8,7;8,6;25,6;28,5;22,7;6,5;6,2;6,8
FR30:Nord - Pas-de-Calais;France;FR;Nord - Pas-de-Calais;y;327,9;2,09;-3;4,7;80,6;84,2;76,9;23,4;15;62,3;57,1;67,8;14;13,1;14,8;27,8;30;25,4;12;11,1;12,9
FR41:Lorraine;France;FR;Lorraine;y;99,4;1,8;-2,8;1,6;81,9;85,1;78,6;21,8;16,5;66,5;63,4;69,7;12,2;11,4;12,9;30,3;32,2;28,4;9,2;10,1;8,3
FR42:Alsace;France;FR;Alsace;y;226,8;1,86;0;3,8;82,8;85,9;79,7;26,7;17,3;72,3;67,9;76,9;9,3;8,7;9,8;32,2;34,7;29,5;9;9,3;8,7
FR43:Franche-Comté;France;FR;Franche-Comté;y;72,7;1,97;-1,7;2,6;82,6;85,9;79,3;21,2;17,1;70,5;67;74,2;9,2;8,6;9,7;25,6;28,3;22,8;13,1;15,4;10,9
FR51:Pays de la Loire;France;FR;Pays de la Loire;y;115,4;2,04;4,1;3,4;83,5;86,9;79,9;26,2;17;73,1;70,3;75,9;9,1;8,8;9,3;32,3;34,3;30,3;7;7,4;6,5
FR52:Bretagne;France;FR;Bretagne;y;120,7;1,93;4,5;0,9;82,3;85,8;78,7;24,3;17,1;73,8;71,2;76,4;7,8;7,3;8,4;32,8;35,9;29,7;6;4,5;7,4
FR53:Poitou-Charentes;France;FR;Poitou-Charentes;y;69,6;1,87;3,6;-0,4;83,1;86,5;79,7;23,9;17,2;70,2;67,1;73,5;9,7;8,8;10,6;26,5;28,7;24,4;6,4;3,9;9
FR61:Aquitaine;France;FR;Aquitaine;y;81,3;1,79;7,5;0,6;83,1;86,1;79,9;25,3;17,1;71,1;68,9;73,5;9,8;9,8;9,8;33,4;37,7;28,8;6,3;5,2;7,4
FR62:Midi-Pyrénées;France;FR;Midi-Pyrénées;y;65,9;1,85;6,3;1,7;83,7;86,8;80,6;26,5;17,2;71,3;68,7;74;8,5;8,1;8,9;39,8;43,9;35,6;6,6;5;8,2
FR63:Limousin;France;FR;Limousin;y;43,3;1,82;0,3;-2,8;82,6;86,3;79;22;17,3;72,3;71,4;73,2;8,9;8;9,9;30;32,9;26,8;9,8;8,4;11,4
FR71:Rhône-Alpes;France;FR;Rhône-Alpes;y;148,3;2,02;3,4;5,3;84;86,9;80,9;29,1;17,9;72,5;68,7;76,4;9,1;9;9,2;37,4;39,8;34,9;8,7;7,1;10,2
FR72:Auvergne;France;FR;Auvergne;y;52,4;1,86;3,2;-0,8;82,5;86,1;78,9;23,4;18;71,1;68,1;74;8,6;8;9,1;28,8;32,5;25,1;7;6,8;7,2
FR81:Languedoc-Roussillon;France;FR;Languedoc-Roussillon;y;101,4;1,9;9,6;1,3;82,9;86,1;79,6;22,1;15,8;63,9;60,5;67,5;12,9;12,2;13,6;31,4;33,9;28,6;10,7;10,2;11,3
FR82:Provence-Alpes-Côte d'Azur;France;FR;Provence-Alpes-Côte d'Azur;y;158,6;2,06;1;2,6;83,3;86,3;80,1;28;17,5;67,6;62,9;72,7;11;11,1;10,9;35,6;38,3;32,7;10,7;11,3;10,1
FR83:Corse;France;FR;Corse;y;37,5;1,51;10,6;-0,2;83,1;86;80,3;24,5;16,6;61,4;58,2;64,3;8,5;14,1;NA;31,5;39,3;24,2;17,9;7,4;24,6
FRA1:Guadeloupe;France;FR;Guadeloupe;y;259;2,3;-9,2;5,1;NA;NA;NA;20,1;14,2;53,9;49,5;59,4;23,7;25,7;21,5;19,5;21,6;16,8;16;10,8;20,8
FRA2:Martinique;France;FR;Martinique;y;337;2,11;-12,6;2,8;81,4;84,3;78,1;21,2;14,1;58,6;57,3;60,3;18,6;17,3;20,1;24,1;27;20,6;14,3;9;19,5
FRA3:Guyane;France;FR;Guyane;y;3;3,52;-2,2;23;NA;NA;NA;16;9,1;52,5;44;62,2;21,9;26,6;17,8;19,1;19,1;19;35,5;35,5;35,6
FRA4:La Réunion;France;FR;La Réunion;y;336,1;2,45;-6,6;11,6;81;84,6;77,3;19,2;13,9;53,4;47,6;59,8;24,1;25;23,3;20,2;21,2;19;19,3;20,1;18,6
FRA5:Mayotte;France;FR;Mayotte;y;606,7;NA;NA;NA;NA;NA;NA;8,4;4,9;46,3;34,8;60;23,7;30,6;18;NA;NA;NA;NA;NA;NA
HR03:Jadranska Hrvatska;Croatia;HR;Jadranska Hrvatska;y;56,8;1,44;-0,3;-2,3;79,3;82,3;76,3;15,5;9;59,5;56,3;62,7;17;17;16,9;24,5;27,5;21,6;0,9;0,4;1,4
HR04:Kontinentalna Hrvatska;Croatia;HR;Kontinentalna Hrvatska;y;88,8;1,47;-3,5;-2,8;77,2;80,5;73,9;16,4;9,3;61;55,5;66,5;15,9;16,9;15,1;21,8;24,3;19,1;3,7;2,8;4,6
HU10:Közép-Magyarország;Hungary;HU;Közép-Magyarország;y;430,1;1,29;8,1;-1,9;77,4;80,4;74,1;29,5;9;72,3;65,5;79,5;5,3;5,4;5,3;37,1;39,5;34,6;8,9;9,3;8,6
HU21:Közép-Dunántúl;Hungary;HU;Közép-Dunántúl;y;96,2;1,43;-2;-3,4;75,8;79,2;72,3;16,8;9,4;73,1;65,7;80,5;4,4;5;4;19,4;22,3;16,6;10,2;8,7;11,7
HU22:Nyugat-Dunántúl;Hungary;HU;Nyugat-Dunántúl;y;86,9;1,33;3,6;-4,2;76,1;79,5;72,7;19,5;9,3;72,2;65;79,4;3,8;4,2;3,5;20,1;22,2;18;8,2;8;8,4
HU23:Dél-Dunántúl;Hungary;HU;Dél-Dunántúl;y;64,3;1,47;-4,4;-4,7;75,5;79;71,9;12,4;8,4;64,9;59,2;70,8;8,1;8,5;7,8;18,5;22,7;14,1;14,1;14,5;13,6
HU31:Észak-Magyarország;Hungary;HU;Észak-Magyarország;y;87,2;1,65;-6,1;-4,2;74,4;78,2;70,5;11,6;7,8;64,3;57,3;71,4;8,7;8,8;8,5;17,9;20,5;15,2;16,8;17,7;16
HU32:Észak-Alföld;Hungary;HU;Észak-Alföld;y;83,6;1,59;-1,1;-2,1;75,3;79;71,3;11,8;7,9;64,1;57,5;70,8;10,9;11;10,7;17,1;21,2;12,9;13,7;11,9;15,3
HU33:Dél-Alföld;Hungary;HU;Dél-Alföld;y;69,5;1,39;-1,3;-5,3;75,5;79,1;71,8;13;8,4;67;60,6;73,6;7,9;8,3;7,5;18,8;22,2;15,4;11,3;10,5;12,1
IE01:Border, Midland and Western;Ireland;IE;Border, Midland and Western;y;38,3;2,07;-12,3;7,1;81,5;83,8;79,2;24,3;12,5;66,9;60,2;73,7;10,6;8,6;12;36,7;42,9;30,4;8,8;7,3;10,2
IE02:Southern and Eastern;Ireland;IE;Southern and Eastern;y;93,3;1,9;0,1;8,7;81,4;83,4;79,4;41,3;14,3;69,4;63,4;75,5;9;7,3;10,4;44,9;47,8;41,8;6,3;4,7;7,8
IS00:Ísland;Iceland;IS;Ísland;n;3,3;1,93;3,4;7,1;82,9;84,5;81,3;NA;NA;86,5;83,3;89,6;4;4,1;3,9;39;46,5;31,7;18,8;12,4;24,9
ITC1:Piemonte;Italy;IT;Piemonte;y;174,5;1,4;0,6;-3,3;83,2;85,5;80,7;27,6;18,3;68,1;60,7;75,5;10,2;10,5;10;16,6;18,6;14,5;12,6;8,4;16,6
ITC2:Valle d'Aosta/Vallée d'Aoste;Italy;IT;Valle d'Aosta/Vallée d'Aoste;y;39,4;1,54;-1;-1,3;82,9;85,7;79,9;36,5;18;70,8;65,7;75,9;8,9;8,1;9,5;15,5;18,5;12,5;16,3;12,2;20,3
ITC3:Liguria;Italy;IT;Liguria;y;293,1;1,33;0,8;-6,2;83,3;85,7;80,6;28,7;18,5;66,7;59,9;73,6;9,2;9,5;8,9;19,7;22,4;16,8;12;10,7;13,3
ITC4:Lombardia;Italy;IT;Lombardia;y;418,5;1,46;3,3;-0,4;83,9;86,2;81,3;34,7;19,7;69,8;61,2;78,4;7,9;8,7;7,2;19,3;21,5;17,1;13,1;10,3;15,7
ITF1:Abruzzo;Italy;IT;Abruzzo;y;123;1,29;1,1;-2,9;83,1;85,6;80,5;23,1;14,7;58,6;46,2;71,1;12,6;15,5;10,7;17;19,8;14,2;14,2;4,8;23,2
ITF2:Molise;Italy;IT;Molise;y;70,4;1,16;-0,1;-4,3;82,8;85,9;79,8;20,5;13,4;53,2;42,5;63,8;14,3;14,7;14,1;18;21;15;10,1;7,2;12,8
ITF3:Campania;Italy;IT;Campania;y;429,1;1,32;-1,3;-0,1;81,5;83,8;79;16,7;11,5;43,1;29,8;56,9;19,8;23;17,9;14,9;16,3;13,4;18,8;18,2;19,4
ITF4:Puglia;Italy;IT;Puglia;y;209,3;1,28;0,9;-0,9;83,2;85,4;80,8;17,2;12,2;47;33;61,4;19,7;21,8;18,4;13,3;15,1;11,5;16,7;12,7;20,5
ITF5:Basilicata;Italy;IT;Basilicata;y;57,3;1,15;0,1;-3,2;83,1;85,6;80,6;19;11,8;53,1;39,4;66,9;13,7;15,8;12,5;15,5;18,3;12,7;10,3;8,7;11,8
ITF6:Calabria;Italy;IT;Calabria;y;130;1,27;-0,6;-1,4;82,5;85;79,9;16,1;11,4;42,1;31;53,5;22,9;23,7;22,5;15,7;18,3;13,1;16,1;14,1;17,9
ITG1:Sicilia;Italy;IT;Sicilia;y;197,2;1,38;0,4;-0,9;82,2;84,3;79,9;17;11,9;43,4;30,5;56,7;21,4;22,7;20,7;13,2;14,5;11,8;24,3;19,6;28,8
ITG2:Sardegna;Italy;IT;Sardegna;y;69;1,1;2;-2,4;83,2;85,9;80,3;19,9;13,4;53,5;45,2;61,8;17,4;18,2;16,7;14,7;17,8;11,7;22,9;14,8;30,5
ITH1:Provincia Autonoma di Bolzano/Bozen;Italy;IT;Provincia Autonoma di Bolzano/Bozen;y;69,9;1,74;2,7;2,7;84;86,2;81,6;39,7;20,6;76,7;69,4;84;3,8;4,2;3,5;16,3;19,5;13,1;13,1;10;16
ITH2:Provincia Autonoma di Trento;Italy;IT;Provincia Autonoma di Trento;y;86,5;1,54;2;0,2;84,4;87;81,7;33,7;18,7;71,4;64,7;78,1;6,8;7,3;6,4;18,7;21,6;15,8;8,7;8,7;8,7
ITH3:Veneto;Italy;IT;Veneto;y;267,7;1,41;1,2;-1,1;83,8;86,3;81,1;29,8;17,3;68,3;57,9;78,7;7,1;8,8;5,8;15,9;18,8;13,1;8,1;6,6;9,4
ITH4:Friuli-Venezia Giulia;Italy;IT;Friuli-Venezia Giulia;y;156,2;1,38;1,9;-3,7;83,4;85,9;80,7;27,8;17,9;68,1;58,8;77,3;8;9,7;6,7;17,6;19,6;15,7;6,9;4,5;9,3
ITH5:Emilia-Romagna;Italy;IT;Emilia-Romagna;y;198,1;1,42;3,4;-2,5;83,7;85,8;81,3;32,2;19,4;71,2;63,6;79;7,7;9,1;6,6;20,3;23,1;17,5;13,3;10;16,4
ITI1:Toscana;Italy;IT;Toscana;y;163,2;1,35;3,9;-3,3;83,8;86,1;81,4;28,7;17,4;69,2;62,4;76,3;9,2;9,7;8,7;19,3;21,4;17,2;13,4;10;16,6
ITI2:Umbria;Italy;IT;Umbria;y;105,8;1,32;1;-3,2;84;86,4;81,5;24;16,5;67,6;59,1;76,5;10,4;12,2;9;19,8;22,6;17;8,1;8,1;8,1
ITI3:Marche;Italy;IT;Marche;y;165,1;1,35;1,4;-2,9;84;86,4;81,4;25,3;16,5;66,6;57,8;75,6;9,9;11,1;9;18,5;22;15;10;7,9;11,9
ITI4:Lazio;Italy;IT;Lazio;y;341,3;1,35;4,5;-0,8;83,1;85,4;80,5;31,4;16,5;63,2;54,5;72,2;11,8;12,3;11,5;23,3;25,6;20,8;11,3;9,1;13,5
LI00:Liechtenstein;Liechtenstein;LI;Liechtenstein;n;232,8;1,59;3,6;2,8;82,1;83,2;81;NA;NA;NA;NA;NA;NA;NA;NA;NA;NA;NA;NA;NA;NA
LT00:Lietuva;Lithuania;LT;Lietuva;y;46,8;1,63;-4,2;-3,4;74,7;80,1;69,2;20,6;11,4;73,3;72,2;74,6;9,1;8,2;10,1;38,7;45,3;31,5;5,5;4;6,9
LU00:Luxembourg;Luxembourg;LU;Luxembourg;y;215,1;1,5;19,9;4;82,3;85,2;79,4;73;NA;70,9;65;76,7;6,7;7,3;6,1;41,1;41,1;41,1;9,3;8,1;10,5
LV00:Latvija;Latvia;LV;Latvija;y;32;1,65;-4,3;-3,4;74,5;79,4;69,1;17,5;8,2;72,5;70,5;74,6;9,9;8,6;11,1;31,6;40,1;22,3;9,9;6,2;13,4
MK00:Poranesna jugoslovenska Republika Makedonija;Former Yugoslav Republic of Macedonia;MK;Poranesna jugoslovenska Republika Makedonija;n;83;1,52;-0,2;1,9;75,5;77,5;73,5;10,1;NA;51,9;42,1;61,5;26,1;25,1;26,7;18,8;20,4;17,3;11,4;12,9;10
MT00:Malta;Malta;MT;Malta;y;1352,4;1,42;7,1;2,2;82,1;84,2;79,8;23,6;NA;67,8;53,6;81,4;5,4;5,2;5,5;19,6;20,2;18,9;19,8;16,6;22,9
NL11:Groningen;Netherlands;NL;Groningen;y;250,9;1,54;1,9;0,2;80,7;82,5;78,8;44,8;14,1;71,9;68;75,7;9,1;7,9;10,1;33,7;34,5;32,9;5,8;5,1;6,5
NL12:Friesland (NL);Netherlands;NL;Friesland (NL);y;194,4;1,86;-0,9;0,8;81,6;83,7;79,5;25,6;14,4;76;71,2;80,7;7,9;7,6;8,2;25,4;27,4;23,6;8,8;5,5;12,2
NL13:Drenthe;Netherlands;NL;Drenthe;y;185,4;1,85;-0,2;-0,6;81,9;83,7;79,9;25,8;14,3;75,5;70,2;80,9;7,5;7,5;7,5;28,6;28,8;28,5;7,4;4,4;10,1
NL21:Overijssel;Netherlands;NL;Overijssel;y;343,1;1,84;-1,3;2,2;81,6;83,3;79,8;29,3;14,4;77,5;72,8;82;6,9;7,1;6,7;31,4;30,9;32;6,9;5,4;8,3
NL22:Gelderland;Netherlands;NL;Gelderland;y;407,2;1,76;2;1,4;81,9;83,6;80,1;30,1;15,5;76,9;71,1;82,7;6,3;6,7;5,8;34;34,2;33,8;7,9;7,3;8,5
NL23:Flevoland;Netherlands;NL;Flevoland;y;283,7;1,89;-2,2;7;82,3;84;80,6;27,4;15,1;75,1;67,8;82,6;7,9;9,2;6,7;30;27,9;32,2;13,5;11,1;15,6
NL31:Utrecht;Netherlands;NL;Utrecht;y;910,7;1,76;3,3;4,6;82,2;83,6;80,6;42,4;16,2;78,9;74,3;83,7;6,4;6,9;5,9;46,8;47,7;45,9;7,4;6,3;8,6
NL32:Noord-Holland;Netherlands;NL;Noord-Holland;y;1032,9;1,62;4,4;3;81,8;83,4;80,2;44,3;16,6;77,9;73;82,9;6,2;6,5;6;41,6;42;41,3;7,2;4,7;9,6
NL33:Zuid-Holland;Netherlands;NL;Zuid-Holland;y;1279,3;1,74;3;3,4;82;83,6;80,2;36,1;15,7;74,5;68,3;80,6;7,8;8,6;7,1;36,1;34,9;37,4;8,2;6;10,3
NL34:Zeeland;Netherlands;NL;Zeeland;y;213,4;1,89;0;0,3;82,8;85;80,5;27,4;15,8;78,9;73,3;84,4;5,3;5,3;5,4;25,1;24,7;25,5;15,1;18,4;12,1
NL41:Noord-Brabant;Netherlands;NL;Noord-Brabant;y;505,6;1,7;2,4;1,4;81,7;83,4;79,9;36,9;15,3;77,5;71,3;83,6;6,5;7,2;6;33,2;32,1;34,2;9,1;6,9;11,3
NL42:Limburg (NL);Netherlands;NL;Limburg (NL);y;520,9;1,51;0;-1,9;81,6;83,2;79,8;30;14,8;73,6;67,7;79,5;6,3;6,3;6,2;29,4;27,6;31,1;8,9;7,4;10,2
NO01:Oslo og Akershus;Norge;NO;Oslo og Akershus;y;244;1,64;12,1;6,6;82,7;84,6;80,6;NA;20,7;80,8;78,9;82,5;4,7;4,6;4,7;53,5;57,3;49,8;6,6;5,2;8
NO02:Hedmark og Oppland;Norge;NO;Hedmark og Oppland;n;7,7;1,74;6,1;-1,5;81,2;83,4;78,9;NA;18,2;78,5;75,7;81,2;4,5;4,1;4,9;33,8;39,4;28,5;12,4;8,2;15,5
NO03:Sør-Østlandet;Norge;NO;Sør-Østlandet;n;28,9;1,78;6,1;1,4;81,7;83,4;79,9;NA;18,5;76,3;73,2;79,3;4,5;4,2;4,7;37,2;40,8;33,6;11,5;8,7;14,8
NO04:Agder og Rogaland;Norge;NO;Agder og Rogaland;n;32,1;1,87;8,1;5,6;82,5;84,5;80,4;NA;19,6;78,8;76,4;81,1;4,6;4,2;5;39,9;42,6;37,3;9,4;8,7;10,1
NO05:Vestlandet;Norge;NO;Vestlandet;n;18,8;1,81;6,4;3,6;82,8;85,1;80,6;NA;19,2;80,4;77,5;83,2;3,9;3,7;4,1;43,2;47,8;39;9,1;7,4;10,7
NO06:Trøndelag;Norge;NO;Trøndelag;n;11,5;1,79;6,9;3,6;82,3;84,2;80,3;NA;18,8;79,7;78,2;81,1;3,7;3,5;3,8;44;50,5;37,7;9,8;5,4;14,3
NO07:Nord-Norge;Norge;NO;Nord-Norge;n;4,5;1,71;4,3;1,5;81,7;84,1;79,4;NA;18,9;77,8;76,2;79,3;3,4;2,4;4,4;38,7;45,1;32,7;18,2;15,7;20,2
PL11:Lódzkie;Poland;PL;Lódzkie;y;137,8;1,28;-0,8;-2,8;76,3;80,9;71,6;17,4;11;69,3;63,4;75,3;7,7;7,7;7,7;26,8;31,8;21,7;5,3;2,6;7,7
PL12:Mazowieckie;Poland;PL;Mazowieckie;y;150,9;1,4;2,6;0,7;78,2;82,1;74,1;29,8;13,1;73,6;67,8;79,4;6,4;6,2;6,7;37,7;43,3;32;4,1;1,5;6,5
PL21:Malopolskie;Poland;PL;Malopolskie;y;221,7;1,33;1,1;1,4;79,1;82,7;75,3;16,6;10,2;67,6;60,7;74,6;7,1;7,4;6,9;28,9;34,1;23,6;3,4;1,9;4,9
PL22:Slaskie;Poland;PL;Slaskie;y;373,9;1,29;-1,6;-1,1;77;80,6;73,3;19,3;12,3;64,3;57,8;71;7,2;7,4;7;25,4;29,6;20,9;5,3;4,3;6,2
PL31:Lubelskie;Poland;PL;Lubelskie;y;85,4;1,27;-2,7;-1,1;77,8;82,4;73,2;13;9,4;66,9;61,4;72,2;9,3;9,5;9,2;27,1;32,8;21,6;3,9;1,1;6,5
PL32:Podkarpackie;Poland;PL;Podkarpackie;y;118,1;1,26;-0,4;0,8;79;83;75;13,2;8,6;63,1;55,7;70,4;11,6;12,4;11;25,3;29,9;20,7;3,2;1,3;5
PL33:Swietokrzyskie;Poland;PL;Swietokrzyskie;y;107,6;1,21;-1,8;-2,3;77,9;82,2;73,6;13,5;9,4;65,9;59,8;71,6;10,1;9,8;10,2;25,2;30,8;19,8;3,8;1,9;5,4
PL34:Podlaskie;Poland;PL;Podlaskie;y;58,5;1,29;-1,9;-0,7;78,4;83,1;73,9;13,4;9,2;69,8;64,1;75,4;7;6,8;7,1;28,1;34,1;22,1;3,5;2,5;4,4
PL41:Wielkopolskie;Poland;PL;Wielkopolskie;y;117,2;1,39;0,1;1,7;77,8;81,5;74;20;11,2;69,6;60,9;78,4;5,8;6,7;5,1;25,7;30,5;20,8;5,7;2,4;8,8
PL42:Zachodniopomorskie;Poland;PL;Zachodniopomorskie;y;77,9;1,27;-1,3;-0,4;77,6;81,4;73,6;15,6;10,5;64,1;56,9;71,8;7,5;7,5;7,4;24,5;28,5;20,4;9,7;6,1;13,4
PL43:Lubuskie;Poland;PL;Lubuskie;y;73,4;1,3;-1,3;0,2;77,4;81,3;73,3;15,6;9,7;66,9;60,3;73,4;6,4;6,6;6,3;22,4;26,3;18,5;8,4;6,2;10,8
PL51:Dolnoslaskie;Poland;PL;Dolnoslaskie;y;145,1;1,26;0,5;-1;77,4;81,5;73,1;20,8;11,3;67,7;60,3;75,3;7;7,3;6,8;27,2;32;22,3;8,2;8,1;8,3
PL52:Opolskie;Poland;PL;Opolskie;y;103,3;1,23;-2,2;-1,3;78,1;81,6;74,4;15;9,5;67,7;59,8;76;6,5;7,3;5,9;24,8;28,9;20,5;4,6;3,6;5,7
PL61:Kujawsko-Pomorskie;Poland;PL;Kujawsko-Pomorskie;y;118,2;1,31;-1,2;0;77,5;81,4;73,4;15,1;9,6;65,7;57,6;73,9;7,9;8,9;7,2;21,2;25,1;17,3;6,3;5,1;7,6
PL62:Warminsko-Mazurskie;Poland;PL;Warminsko-Mazurskie;y;62,3;1,32;-2,5;0,6;77,4;81,7;73;13,3;9,4;61,8;54,3;69,3;9,5;10,5;8,7;22,6;26,9;18,2;10,2;6,6;13,2
PL63:Pomorskie;Poland;PL;Pomorskie;y;129,1;1,43;1;2;78,2;82;74,4;17,7;10,6;68,6;60,5;76,6;6,6;6,2;6,9;28,1;32,6;23,5;5,6;2,7;8,1
PT11:Norte;Portugal;PT;Norte;y;170,7;1,09;-4,4;-1,7;81,7;84,8;78,4;17,8;10,8;66,5;62;71,3;13,7;14,3;13,1;18,7;22,1;14,9;14,3;11;17,6
PT15:Algarve;Portugal;PT;Algarve;y;88,4;1,35;0,1;-2,1;80,9;84,9;77,1;21,3;13;70,7;69;72,5;12,5;11,6;13,4;19,7;24,6;14,4;15,9;11,8;19,9
PT16:Centro (PT);Portugal;PT;Centro (PT);y;80,6;1,12;-2,7;-4,9;81,5;84,5;78,5;18,5;11,7;72,3;68,8;76,1;9,2;9,8;8,7;21,8;25,8;17,5;12,5;8,1;16,9
PT17:Área Metropolitana de Lisboa;Portugal;PT;Área Metropolitana de Lisboa;y;931,5;1,5;0;0,6;81,7;84,8;78,2;29,3;15,8;70,9;69,1;73;13,1;13;13,1;32,5;36,9;27,6;10,7;11,1;10,3
PT18:Alentejo;Portugal;PT;Alentejo;y;23,4;1,22;-7;-6,5;80,8;83,7;77,8;19,3;11,7;68,5;65,6;71,3;13,3;14,4;12,3;18;23;13;12,5;10,9;14,1
PT20:Região Autónoma dos Açores (PT);Portugal;PT;Região Autónoma dos Açores (PT);y;106,3;1,27;-4,4;0;77,5;81,4;73,7;19,4;12,6;65,2;61,1;69,3;12,8;10,8;14,4;14,3;17,7;10,9;28,8;21,3;36
PT30:Região Autónoma da Madeira (PT);Portugal;PT;Região Autónoma da Madeira (PT);y;324,2;0,95;-6,3;-3,8;77,4;81,1;73,2;20,2;12,4;64,6;63;66,3;14,7;14;15,5;17,3;21,6;12,6;23,6;21;26,1
RO11:Nord-Vest;Romania;RO;Nord-Vest;y;76,8;1,46;0,2;-2;74,9;78,5;71,4;13,1;8,2;68,3;59,6;76,8;4,6;4,5;4,8;17,4;17,9;16,9;16,9;17,3;16,4
RO12:Centru;Romania;RO;Centru;y;69,7;1,66;-1;-1,2;75,5;79;72,2;14,2;8,6;61,2;51,5;70,8;7,4;6,9;7,7;17,8;18,6;16,9;24,2;22,7;25,5
RO21:Nord-Est;Romania;RO;Nord-Est;y;90,6;1,83;0,8;-1,9;74,4;78,7;70,5;9,5;6,9;75,7;69;82;3,6;3,3;3,9;11,6;12,2;10,9;25,3;23,6;26,8
RO22:Sud-Est;Romania;RO;Sud-Est;y;80,2;1,63;-2,6;-4,1;74,3;78,5;70,3;13,6;8;62;49,9;73,7;9;8,2;9,6;12,9;13,7;12;24,9;25,5;24,4
RO31:Sud - Muntenia;Romania;RO;Sud - Muntenia;y;91,8;1,49;-2,4;-5,3;75;78,8;71,4;11,9;7,5;64,3;55;73,2;10,3;9,3;11;12,8;13,3;12,4;18,7;18,7;18,7
RO32:Bucuresti - Ilfov;Romania;RO;Bucuresti - Ilfov;y;1296,8;1,19;1,3;-0,7;76,8;80;73,2;35,6;14,7;69,7;62,9;77,1;5,3;4,2;6,2;33,6;33,8;33,3;10,8;9,9;11,6
RO41:Sud-Vest Oltenia;Romania;RO;Sud-Vest Oltenia;y;71,1;1,44;-2,9;-5,8;74,9;78,4;71,6;11,2;7,4;60,5;53;67,7;10,1;6,7;12,5;16,7;17,7;15,7;16,2;17,5;15,1
RO42:Vest;Romania;RO;Vest;y;57,4;1,35;0,4;-3,8;74,7;77,9;71,4;15,8;10;62;51,2;72,8;5,4;5;5,6;16,1;16,5;15,7;8,5;7,1;9,9
SE11:Stockholm;Sweden;SE;Stockholm;y;334,1;1,84;9,7;6,4;82,7;84,4;80,9;47,2;19,7;82,5;80,3;84,7;7;7,3;6,8;48,7;53;44,2;8,1;8;8,2
SE12:Östra Mellansverige;Sweden;SE;Östra Mellansverige;y;42;1,88;7,9;2,2;82,5;84,2;80,7;29;16;78,6;75,9;81,3;7,9;7,8;8,1;36,8;44,7;29,1;6,6;6,2;7
SE21:Småland med öarna;Sweden;SE;Småland med öarna;y;24,8;1,99;7,3;1;82,7;84,7;80,7;28,5;15,7;82,4;80,8;83,9;6;5,7;6,1;32,9;41,8;24,8;7,3;5,9;8,4
SE22:Sydsverige;Sweden;SE;Sydsverige;y;103,2;1,88;8,6;2,8;82,2;84,2;80,2;28,8;15,9;78,3;76,4;80,1;9,5;9,1;9,8;40,9;46,8;35,1;6,5;5,6;7,3
SE23:Västsverige;Sweden;SE;Västsverige;y;66,1;1,88;8;2,8;82,4;84,4;80,5;32,5;16,6;81,6;79,3;83,8;6,6;6,6;6,6;39,2;46,5;32,2;7,4;6,7;7,9
SE31:Norra Mellansverige;Sweden;SE;Norra Mellansverige;y;13,1;1,92;6,3;-0,9;81,7;83,5;79,8;27,2;15,2;78,2;76,7;79,7;7,9;7;8,6;30,6;39;22,7;7,1;6,1;8
SE32:Mellersta Norrland;Sweden;SE;Mellersta Norrland;y;5,2;1,9;5,1;-1,8;81,1;82,9;79,4;29,4;15,5;80,1;77,4;82,7;7,1;7,2;7;32;41,7;23;7,2;4,6;9,4
SE33:Övre Norrland;Sweden;SE;Övre Norrland;y;3,4;1,79;3,8;-0,3;81,5;83,6;79,6;31,3;15,7;79,4;78,4;80,2;7,2;6,4;7,8;37,3;46,9;28,6;4,6;4,6;4,7
SI03:Vzhodna Slovenija;Slovenia;SI;Vzhodna Slovenija;y;88,7;1,59;-1,1;0;80,3;83,4;77,1;18,8;11,5;67,4;62,5;71,9;10,3;11,9;9;26;31,4;21,1;5,5;4,4;6,4
SI04:Zahodna Slovenija;Slovenia;SI;Zahodna Slovenija;y;123,9;1,58;0,7;2,4;82,4;85;79,6;27;12,4;71,1;67,1;75;7,5;8;7;35;42,7;27,6;4,4;2,5;6,5
SK01:Bratislavský kraj;Slovakia;SK;Bratislavský kraj;y;302,9;1,48;7,7;3,3;78,7;81,5;75,6;51,2;17,3;75,2;69,5;81,3;5,7;6,2;5,3;37,5;40;34,8;3,3;4,6;2,2
SK02:Západné Slovensko;Slovakia;SK;Západné Slovensko;y;122,4;1,22;0,2;-1,2;76,9;80,5;73,3;19,8;11;69,3;61,7;76,8;9,7;11,4;8,3;17,9;20,1;15,8;3,6;3,7;3,4
SK03:Stredné Slovensko;Slovakia;SK;Stredné Slovensko;y;82,8;1,29;-1;-0,1;76,8;80,6;72,8;16,7;10,9;67,2;60,2;74,1;12,8;13,9;11,9;19,4;22,3;16,6;7,7;6,7;8,8
SK04:Východné Slovensko;Slovakia;SK;Východné Slovensko;y;102,7;1,49;-1,3;2,5;76,6;80,1;73;14,6;9,5;63,1;54,8;71,1;15;17;13,5;19,7;22,9;16,5;10,4;10,5;10,2
TR10:Istanbul;Turkey;TR;Istanbul;n;2746,1;1,87;2,4;12,8;78,5;81,3;75,5;NA;NA;54,1;31,8;75,8;12,8;17;11;20,8;19,6;22;32,6;32,2;32,9
TR21:Tekirdag, Edirne, Kirklareli;Turkey;TR;Tekirdag, Edirne, Kirklareli;n;87,4;1,7;16,6;6,1;77,3;80,4;74,4;NA;NA;61,6;40,2;81,3;7,3;11,1;5,4;13,5;12,3;14,7;28,7;32,2;25,8
TR22:Balikesir, Çanakkale;Turkey;TR;Balikesir, Çanakkale;n;69,5;1,66;18,3;3;77,8;80,8;74,9;NA;NA;55,6;36,6;74,4;5,3;6,6;4,7;17,3;14,1;20,6;27,1;29,1;25,4
TR31:Izmir;Turkey;TR;Izmir;n;340,2;1,71;4,9;7,8;78,7;81,8;75,7;NA;NA;53,6;34,2;73,4;14,9;20,4;12;20,5;19,2;21,8;26,8;26,3;27,3
TR32:Aydin, Denizli, Mugla;Turkey;TR;Aydin, Denizli, Mugla;n;89;1,82;14,7;7,5;79,5;82,4;76,7;NA;NA;59,8;43,3;76,2;6,8;8,1;6,1;15,4;14,7;16,1;33,9;32;35,3
TR33:Manisa, Afyonkarahisar, Kütahya, Usak;Turkey;TR;Manisa, Afyonkarahisar, Kütahya, Usak;n;66,9;1,87;-3,8;7,2;77,1;79,8;74,4;NA;NA;60,4;40,3;80,6;4,1;4,5;3,8;12,6;9,3;16;34,2;38,9;29
TR41:Bursa, Eskisehir, Bilecik;Turkey;TR;Bursa, Eskisehir, Bilecik;n;132,3;1,81;7,1;8,8;77,6;80,1;75,1;NA;NA;54,2;32,2;76,3;7,7;10,3;6,5;17;14,4;19,5;28,7;27,9;29,5
TR42:Kocaeli, Sakarya, Düzce, Bolu, Yalova;Turkey;TR;Kocaeli, Sakarya, Düzce, Bolu, Yalova;n;172,7;1,94;10,5;10,7;78;80,7;75,5;NA;NA;57,2;35,3;79,1;10,1;13,6;8,4;15,9;13,5;18,4;27,6;26,5;28,7
TR51:Ankara;Turkey;TR;Ankara;n;207,9;1,76;10;10,5;79,4;82;76,8;NA;NA;54,2;31,1;77,4;11,1;17,3;8,3;27,4;24,3;30,5;25;23,5;26,6
TR52:Konya, Karaman;Turkey;TR;Konya, Karaman;n;48,9;2,21;1,6;12,1;78,1;80,6;75,6;NA;NA;55,4;31,1;79,9;6,5;9,3;5,4;13,9;10,3;17,6;36,9;36,9;36,9
TR61:Antalya, Isparta, Burdur;Turkey;TR;Antalya, Isparta, Burdur;n;80;1,9;12,5;10,1;79,3;81,9;76,7;NA;NA;58,9;39,3;78,3;9,4;12,7;7,7;18,2;16,2;20,1;27,7;24,3;31,1
TR62:Adana, Mersin;Turkey;TR;Adana, Mersin;n;131,8;2,27;-3,3;13;77,9;80,7;75,1;NA;NA;52,6;30;75,4;9,8;13,5;8,2;15,2;12,7;17,7;39,9;40,6;39,3
TR63:Hatay, Kahramanmaras, Osmaniye;Turkey;TR;Hatay, Kahramanmaras, Osmaniye;n;132,9;2,72;-4,1;16,3;78,3;80,6;76,1;NA;NA;43,4;19,1;69,3;16,3;22,1;14,4;11,3;8;14,6;40,6;41,8;39,2
TR71:Kirikkale, Aksaray, Nigde, Nevsehir, Kirsehir;Turkey;TR;Kirikkale, Aksaray, Nigde, Nevsehir, Kirsehir;n;48,4;2,08;-11;9,7;77,7;80,4;75;NA;NA;54,8;32,7;76,8;9,9;13,4;8,3;13,2;10,3;16,1;38,7;37,5;39,9
TR72:Kayseri, Sivas, Yozgat;Turkey;TR;Kayseri, Sivas, Yozgat;n;39,7;2,12;-4,5;10,7;77,9;80,5;75,4;NA;NA;52,4;29;76;9,7;12,3;8,6;14,3;10;18,6;35,4;36,4;34,2
TR81:Zonguldak, Karabük, Bartin;Turkey;TR;Zonguldak, Karabük, Bartin;n;107,5;1,59;-6,2;4,8;78;80,8;75,2;NA;NA;56;37,6;74,9;6,9;8,9;5,8;10,3;8,6;12,1;30;34,7;25,1
TR82:Kastamonu, Çankiri, Sinop;Turkey;TR;Kastamonu, Çankiri, Sinop;n;28,8;1,7;-10,6;1,9;78;80,9;75,2;NA;NA;61,5;46,1;77,4;6,8;8,2;5,9;12,1;9,1;15,3;34;39,6;28,4
TR83:Samsun, Tokat, Çorum, Amasya;Turkey;TR;Samsun, Tokat, Çorum, Amasya;n;72,4;1,85;-5,6;6,5;77,9;80,7;75,2;NA;NA;56,4;38,3;75,1;6,6;7,6;6;13,1;10,5;15,9;31,5;32,2;30,7
TR90:Trabzon, Ordu, Giresun, Rize, Artvin, Gümüshane;Turkey;TR;Trabzon, Ordu, Giresun, Rize, Artvin, Gümüshane;n;72,8;1,79;-0,8;5,9;79,7;83,3;76,1;NA;NA;62,1;46,9;76,8;4,8;4,5;5;14,8;11,9;17,8;26;24,5;27,3
TRA1:Erzurum, Erzincan, Bayburt;Turkey;TR;Erzurum, Erzincan, Bayburt;n;26,2;2,39;-8,6;13,5;78;80,5;75,5;NA;NA;57,3;37,6;77,1;6;2,8;7,6;11,1;7,1;15,2;40,6;48,1;32,3
TRA2:Agri, Kars, Igdir, Ardahan;Turkey;TR;Agri, Kars, Igdir, Ardahan;n;38;3,34;-26,9;21,2;76,7;79,2;74,4;NA;NA;59,8;42,5;76,3;3,9;3,3;4,2;10,2;6,9;13,3;56,8;60,1;53,5
TRB1:Malatya, Elazig, Bingöl, Tunceli;Turkey;TR;Malatya, Elazig, Bingöl, Tunceli;n;46,9;2,1;-6,3;11,7;78,8;81,4;76,2;NA;NA;51,5;29,7;73,3;7,9;9,1;7,4;16,1;11,1;21,2;26,3;30,1;22,7
TRB2:Van, Mus, Bitlis, Hakkari;Turkey;TR;Van, Mus, Bitlis, Hakkari;n;50,6;3,46;-15,5;24,2;76,9;79,6;74,2;NA;NA;49,6;30,2;68,4;9,7;3,6;12,1;7,1;3,9;10,2;61,8;69,3;53,6
TRC1:Gaziantep, Adiyaman, Kilis;Turkey;TR;Gaziantep, Adiyaman, Kilis;n;169,7;3,14;-3,5;21,2;77,4;80,1;74,7;NA;NA;45,9;19,7;73,3;9,7;10,4;9,5;13,3;10,5;16,2;40;37,2;42,9
TRC2:Sanliurfa, Diyarbakir;Turkey;TR;Sanliurfa, Diyarbakir;n;101,9;3,91;-6,9;27,6;77,9;81,1;74,7;NA;NA;41;18,8;64,7;17,4;11,6;19,2;8,1;4,7;11,6;62;68,1;55,1
TRC3:Mardin, Batman, Sirnak, Siirt;Turkey;TR;Mardin, Batman, Sirnak, Siirt;n;81,8;3,67;-7,6;25;NA;NA;NA;NA;NA;35,4;11,2;61,8;24,4;25,2;24,2;9,4;5,1;14;53,4;61,1;45
UKC1:Tees Valley and Durham;United Kingdom;UK;Tees Valley and Durham;y;392,8;1,82;3;1,1;79,6;81,5;77,7;20,5;14,2;71,1;67,1;75,3;8,5;8,2;8,7;34,5;36,3;32,7;14,2;13,7;14,7
UKC2:Northumberland and Tyne and Wear;United Kingdom;UK;Northumberland and Tyne and Wear;y;258,2;1,64;4,1;0,2;79,9;82;77,8;23;14,4;73,5;70,4;76,6;7,7;6,7;8,6;35,3;37,5;33;10,4;9,9;10,9
UKD1:Cumbria;United Kingdom;UK;Cumbria;y;73,7;1,84;1,6;-1,1;81,3;83,5;79,1;25,9;16,4;80,7;77,4;84,1;4,2;4;4,4;33,4;38,5;28,3;19,8;17,5;21,7
UKD3:Greater Manchester;United Kingdom;UK;Greater Manchester;y;2144;1,88;2,9;4,6;79,7;81,6;77,8;25,2;13,9;74;67;81;6,5;6,5;6,4;38,9;40;37,8;11,5;11,5;11,5
UKD4:Lancashire;United Kingdom;UK;Lancashire;y;479;1,93;1,8;1,5;80,1;82;78,1;22,5;14,3;76;71,3;80,7;4,5;5,2;3,9;33,9;35,8;32;14,8;11,5;17,9
UKD6:Cheshire;United Kingdom;UK;Cheshire;y;403,7;1,85;4,2;1;81,6;83,3;79,9;33,9;17,5;78;70,7;85,5;3,5;4,2;2,9;44,5;47,8;40,9;6,6;4,8;8,5
UKD7:Merseyside;United Kingdom;UK;Merseyside;y;2095,4;1,77;2,2;1,4;79,7;81,6;77,7;22,3;14,5;73,5;70,7;76,5;5,8;4,6;7,1;33,9;37,9;29,5;13,6;15,4;11,7
UKE1:East Yorkshire and Northern Lincolnshire;United Kingdom;UK;East Yorkshire and Northern Lincolnshire;y;263,5;1,84;2,6;1;80,8;82,7;78,9;22,7;14,5;73,6;67,6;79,6;6,4;7,3;5,7;32,6;33,1;32,1;12,2;9,3;15,2
UKE2:North Yorkshire;United Kingdom;UK;North Yorkshire;y;97,3;1,72;3,6;-0,3;82,6;84,3;80,9;26,8;17,4;81,8;77,5;86,2;3,2;2,1;4,1;43,1;47,3;38,8;11,1;10,2;11,9
UKE3:South Yorkshire;United Kingdom;UK;South Yorkshire;y;880,4;1,76;3,8;2,4;80,4;82,3;78,5;20,9;13,7;71,7;67,5;76;7,4;6,6;8,1;33,3;34,9;31,7;14,4;14,9;13,9
UKE4:West Yorkshire;United Kingdom;UK;West Yorkshire;y;1119,1;1,92;2,4;4,7;80,4;82,3;78,4;25;14,2;75,1;69,8;80,4;6,6;5,6;7,5;35,1;37,5;32,7;12,8;9,6;15,9
UKF1:Derbyshire and Nottinghamshire;United Kingdom;UK;Derbyshire and Nottinghamshire;y;449,1;1,8;5;2;80,9;82,9;79;24;14,6;76,7;71,8;81,8;4,8;4,4;5,2;37,9;39,2;36,6;9,4;8,6;10,3
UKF2:Leicestershire, Rutland and Northamptonshire;United Kingdom;UK;Leicestershire, Rutland and Northamptonshire;y;358;1,88;6,1;3,8;81,8;83,7;79,9;26,4;15,7;79;73,5;84,5;4,4;4,3;4,5;34,9;37,1;32,7;10,7;10,2;11
UKF3:Lincolnshire;United Kingdom;UK;Lincolnshire;y;123,3;1,9;8,8;0,4;82;83,6;80,4;22,2;16;77,3;68,1;86,6;4,5;4,9;4,2;32,1;32,2;32;14,8;10,5;19,3
UKG1:Herefordshire, Worcestershire and Warwickshire;United Kingdom;UK;Herefordshire, Worcestershire and Warwickshire;y;222,9;1,82;5,3;0,6;82,1;83,8;80,4;26,7;17,5;81,7;76,8;86,6;3,2;3,7;2,7;44;45,7;42,2;16,1;15,2;16,9
UKG2:Shropshire and Staffordshire;United Kingdom;UK;Shropshire and Staffordshire;y;256,6;1,88;3,5;1,4;81,5;83,3;79,6;22,5;15,6;78,1;72,5;83,6;4,6;4,6;4,7;35,6;37,9;33,3;11,4;11,8;11
UKG3:West Midlands;United Kingdom;UK;West Midlands;y;3112,5;1,98;3,6;5,5;80,1;82,3;77,8;23,7;13,2;69,2;62,7;75,9;7,9;7,2;8,5;32,9;32,5;33,3;13,2;12,4;13,9
UKH1:East Anglia;United Kingdom;UK;East Anglia;y;194,9;1,88;6,8;1,9;82,5;84,2;80,6;27,7;16,5;79,8;75;84,5;4,3;4,5;4,2;35,7;36,7;34,7;12,4;12,2;12,5
UKH2:Bedfordshire and Hertfordshire;United Kingdom;UK;Bedfordshire and Hertfordshire;y;623,8;1,94;7,8;5,3;82,5;84,1;80,8;30,9;19,3;81,7;75,1;88,6;3,8;2,7;4,8;43,6;45,4;41,7;8,3;6,3;10,1
UKH3:Essex;United Kingdom;UK;Essex;y;482,3;1,96;8;2,5;81,9;83,5;80,2;24,3;17,9;79,6;72,4;87,1;4,3;4,3;4,3;32,5;32,9;32,1;12,5;10,8;14,2
UKI3:Inner London - West;United Kingdom;UK;Inner London - West;y;10282,9;1,3;3,4;8,5;83,8;85,7;81,8;148;37,9;73,5;66,8;80,1;5,4;5,6;5,2;69,5;67,1;71,8;2,4;2,8;1,9
UKI4:Inner London - East;United Kingdom;UK;Inner London - East;y;10780,3;1,58;7,9;11,5;81,3;83,4;79,1;56,1;19;75,1;68,5;81,5;7,2;7,2;7,1;58,1;55,7;60,5;5,5;7;4
UKI5:Outer London - East and North East;United Kingdom;UK;Outer London - East and North East;y;4259,3;1,97;6,5;8,8;82,2;84,1;80,1;22,4;16,3;75,7;66,9;85;7,5;9,3;6;43,3;44;42,6;9,4;8,8;10,1
UKI6:Outer London - South;United Kingdom;UK;Outer London - South;y;3587,5;1,86;5;7,2;82,6;84;81,2;27,1;20,7;79,3;70,7;87,7;4,6;5,4;4;55,2;55,3;55;8,3;7,4;9,1
UKI7:Outer London - West and North West;United Kingdom;UK;Outer London - West and North West;y;4393,9;1,84;4;9,3;83,4;85,1;81,6;33,3;20,6;76,7;69,7;83,8;5,5;5,2;5,7;53,2;55,4;50,8;5,8;5,5;6,1
UKJ1:Berkshire, Buckinghamshire and Oxfordshire;United Kingdom;UK;Berkshire, Buckinghamshire and Oxfordshire;y;407,2;1,88;4,9;5,3;82,8;84,6;81;41,1;19,8;81,8;75,6;88,2;3,5;3,7;3,2;51,7;53,2;50,2;10,5;12;9
UKJ2:Surrey, East and West Sussex;United Kingdom;UK;Surrey, East and West Sussex;y;516,2;1,81;7,8;1,4;82,9;84,5;81,2;31,6;20,5;79,5;74,5;84,6;3,7;3,6;3,9;46,4;47,5;45,2;10,4;7,8;12,8
UKJ3:Hampshire and Isle of Wight;United Kingdom;UK;Hampshire and Isle of Wight;y;467,8;1,83;5,4;2,4;82,6;84,4;80,7;30,7;17,5;80,5;75,8;85,3;4,1;3,8;4,3;40,7;41,8;39,7;9,5;7,4;11,6
UKJ4:Kent;United Kingdom;UK;Kent;y;476,7;1,93;8,2;2,6;81,7;83,3;80;24,1;17,5;77,7;70;85,5;5,3;6,2;4,6;36,3;37,4;35,2;11,2;9,1;13
UKK1:Gloucestershire, Wiltshire and Bristol/Bath area;United Kingdom;UK;Gloucestershire, Wiltshire and Bristol/Bath area;y;323,3;1,85;6,6;3,1;82,5;84,2;80,7;30,8;17,4;81,5;76,1;86,9;3,9;3,9;3,8;45,5;46,2;44,9;8,5;7,5;9,4
UKK2:Dorset and Somerset;United Kingdom;UK;Dorset and Somerset;y;213,2;1,86;7,8;-0,7;82,9;84,8;81;24,7;17,4;80,3;74,9;85,6;3,9;4,3;3,7;40,1;41,4;38,8;7,2;5,5;8,7
UKK3:Cornwall and Isles of Scilly;United Kingdom;UK;Cornwall and Isles of Scilly;y;154,1;1,9;9,5;-0,8;81,7;83,7;79,7;20,7;15,8;80;75,1;84,9;4,5;3,9;5;32;37,4;26,5;7,5;5,9;9,3
UKK4:Devon;United Kingdom;UK;Devon;y;172,4;1,83;8,5;-0,6;82,2;84,1;80,2;23,5;16;78,8;73;85;3,7;4,7;2,7;40,1;42,4;37,6;9;8,6;9,4
UKL1:West Wales and The Valleys;United Kingdom;UK;West Wales and The Valleys;y;149;1,79;4;-0,2;80,6;82,5;78,6;18,9;14,2;73,4;69,6;77,3;6,5;5,8;7,2;36,4;38,8;33,8;15;12,9;17
UKL2:East Wales;United Kingdom;UK;East Wales;y;150,8;1,75;4,4;2,1;81,4;83,3;79,5;24,8;15,6;75,4;71,8;79;4,8;2,8;6,6;43;43,7;42,3;11,7;7,8;15,8
UKM2:Eastern Scotland;United Kingdom;UK;Eastern Scotland;y;114,5;1,59;4,5;1,1;80,4;82,2;78,5;27,2;16,7;77,4;73,9;80,9;6;5,7;6,2;50,6;53,3;47,8;9,7;10,8;8,8
UKM3:South Western Scotland;United Kingdom;UK;South Western Scotland;y;178,9;1,63;1,4;-0,1;78,6;80,7;76,4;25;15,4;75,1;72,9;77,4;6,6;5,5;7,7;44,4;48,3;40,2;11,2;11,8;10,6
UKM5:North Eastern Scotland;United Kingdom;UK;North Eastern Scotland;y;75,2;1,56;6,9;1,9;80;81,9;78,2;44,9;19,3;82,2;76,3;88,2;3,2;3;3,4;52,2;56;48,3;11,6;6,8;16,4
UKM6:Highlands and Islands;United Kingdom;UK;Highlands and Islands;y;11,6;1,78;1,2;-1;81;83,1;78,8;25,6;16;77,6;72,5;83,5;4,1;3,6;4,5;41,1;49,7;31,7;10,6;10,7;10,3
UKN0:Northern Ireland (UK);United Kingdom;UK;Northern Ireland (UK);y;135,8;1,97;0;5,3;80,8;82,7;78,9;22,4;13,7;72,4;66,6;78,4;6,1;5,1;6,9;33,6;36,7;30,3;11,9;8,9;14,8
